analyte,value,unit
date,2026-05-06,
ApoB,1.22,g/L
ApoA1,1.2,g/L
LDL-P,1690,nmol/L
S-LDL-P,252,nmol/L
VLDL-P,236,nmol/L
HDL-P,12.9,µmol/L
Total-C,5.8,mmol/L
LDL-C,3.7,mmol/L
HDL-C,1.0,mmol/L
non-HDL-C,4.8,mmol/L
Remnant-C,1.1,mmol/L
TG,2.5,mmol/L
GlycA,1.12,mmol/L
Glc,8.1,mmol/L
Lac,1.6,mmol/L
Cit,0.07,mmol/L
BCAA,525,µmol/L
Leu,139,µmol/L
Ile,77,µmol/L
Val,309,µmol/L
Phe,58,µmol/L
Omega-3 %,2.8,%
DHA,0.16,mmol/L
PUFA/MUFA,1.4,ratio
bOHB,70,µmol/L
Acetone,15,µmol/L
Crea,118,µmol/L
Alb,39,g/L
XXL_VLDL_P,0.8605,nmol/L
XXL_VLDL_L,0.8531,mmol/L
XXL_VLDL_PL,0.0518,mmol/L
XXL_VLDL_C,0.0773,mmol/L
XXL_VLDL_CE,0.7521,mmol/L
XXL_VLDL_FC,0.6626,mmol/L
XXL_VLDL_TG,0.6031,mmol/L
XXL_VLDL_PL_pct,21.95,%
XXL_VLDL_C_pct,38.33,%
XXL_VLDL_CE_pct,38.37,%
XXL_VLDL_FC_pct,36.97,%
XXL_VLDL_TG_pct,13.71,%
XL_VLDL_P,0.3882,nmol/L
XL_VLDL_L,0.3548,mmol/L
XL_VLDL_PL,0.6510,mmol/L
XL_VLDL_C,0.8953,mmol/L
XL_VLDL_CE,0.8545,mmol/L
XL_VLDL_FC,0.4902,mmol/L
XL_VLDL_TG,0.4009,mmol/L
XL_VLDL_PL_pct,19.75,%
XL_VLDL_C_pct,6.98,%
XL_VLDL_CE_pct,6.51,%
XL_VLDL_FC_pct,30.57,%
XL_VLDL_TG_pct,22.52,%
L_VLDL_P,0.3426,nmol/L
L_VLDL_L,0.8027,mmol/L
L_VLDL_PL,0.4737,mmol/L
L_VLDL_C,0.5049,mmol/L
L_VLDL_CE,0.2133,mmol/L
L_VLDL_FC,0.0224,mmol/L
L_VLDL_TG,0.2933,mmol/L
L_VLDL_PL_pct,12.52,%
L_VLDL_C_pct,33.06,%
L_VLDL_CE_pct,59.93,%
L_VLDL_FC_pct,42.10,%
L_VLDL_TG_pct,15.00,%
M_VLDL_P,0.8043,nmol/L
M_VLDL_L,0.7173,mmol/L
M_VLDL_PL,0.6612,mmol/L
M_VLDL_C,0.8160,mmol/L
M_VLDL_CE,0.6868,mmol/L
M_VLDL_FC,0.7110,mmol/L
M_VLDL_TG,0.3191,mmol/L
M_VLDL_PL_pct,58.95,%
M_VLDL_C_pct,57.90,%
M_VLDL_CE_pct,13.87,%
M_VLDL_FC_pct,46.47,%
M_VLDL_TG_pct,44.33,%
S_VLDL_P,0.4158,nmol/L
S_VLDL_L,0.4778,mmol/L
S_VLDL_PL,0.4415,mmol/L
S_VLDL_C,0.8324,mmol/L
S_VLDL_CE,0.4513,mmol/L
S_VLDL_FC,0.7485,mmol/L
S_VLDL_TG,0.3192,mmol/L
S_VLDL_PL_pct,53.56,%
S_VLDL_C_pct,54.48,%
S_VLDL_CE_pct,30.36,%
S_VLDL_FC_pct,36.22,%
S_VLDL_TG_pct,55.62,%
XS_VLDL_P,0.6517,nmol/L
XS_VLDL_L,0.4385,mmol/L
XS_VLDL_PL,0.2004,mmol/L
XS_VLDL_C,0.2929,mmol/L
XS_VLDL_CE,0.6299,mmol/L
XS_VLDL_FC,0.1503,mmol/L
XS_VLDL_TG,0.8172,mmol/L
XS_VLDL_PL_pct,19.75,%
XS_VLDL_C_pct,55.13,%
XS_VLDL_CE_pct,22.03,%
XS_VLDL_FC_pct,57.65,%
XS_VLDL_TG_pct,43.84,%
IDL_P,0.4543,nmol/L
IDL_L,0.4665,mmol/L
IDL_PL,0.5866,mmol/L
IDL_C,0.5296,mmol/L
IDL_CE,0.2813,mmol/L
IDL_FC,0.1878,mmol/L
IDL_TG,0.4612,mmol/L
IDL_PL_pct,56.38,%
IDL_C_pct,39.28,%
IDL_CE_pct,9.15,%
IDL_FC_pct,50.12,%
IDL_TG_pct,44.93,%
L_LDL_P,0.8170,nmol/L
L_LDL_L,0.1731,mmol/L
L_LDL_PL,0.6706,mmol/L
L_LDL_C,0.0538,mmol/L
L_LDL_CE,0.5880,mmol/L
L_LDL_FC,0.2465,mmol/L
L_LDL_TG,0.2047,mmol/L
L_LDL_PL_pct,53.15,%
L_LDL_C_pct,10.84,%
L_LDL_CE_pct,33.73,%
L_LDL_FC_pct,51.97,%
L_LDL_TG_pct,18.47,%
M_LDL_P,0.1902,nmol/L
M_LDL_L,0.7926,mmol/L
M_LDL_PL,0.3812,mmol/L
M_LDL_C,0.6455,mmol/L
M_LDL_CE,0.0297,mmol/L
M_LDL_FC,0.3268,mmol/L
M_LDL_TG,0.1555,mmol/L
M_LDL_PL_pct,42.00,%
M_LDL_C_pct,9.56,%
M_LDL_CE_pct,57.50,%
M_LDL_FC_pct,6.39,%
M_LDL_TG_pct,45.12,%
S_LDL_P,0.0200,nmol/L
S_LDL_L,0.2309,mmol/L
S_LDL_PL,0.7322,mmol/L
S_LDL_C,0.1422,mmol/L
S_LDL_CE,0.1662,mmol/L
S_LDL_FC,0.6227,mmol/L
S_LDL_TG,0.3476,mmol/L
S_LDL_PL_pct,7.37,%
S_LDL_C_pct,59.45,%
S_LDL_CE_pct,13.33,%
S_LDL_FC_pct,6.99,%
S_LDL_TG_pct,23.93,%
XL_HDL_P,0.5541,nmol/L
XL_HDL_L,0.6685,mmol/L
XL_HDL_PL,0.1027,mmol/L
XL_HDL_C,0.3042,mmol/L
XL_HDL_CE,0.0287,mmol/L
XL_HDL_FC,0.4043,mmol/L
XL_HDL_TG,0.6896,mmol/L
XL_HDL_PL_pct,45.70,%
XL_HDL_C_pct,54.61,%
XL_HDL_CE_pct,46.56,%
XL_HDL_FC_pct,52.43,%
XL_HDL_TG_pct,43.79,%
L_HDL_P,0.4260,nmol/L
L_HDL_L,0.2037,mmol/L
L_HDL_PL,0.5951,mmol/L
L_HDL_C,0.2854,mmol/L
L_HDL_CE,0.0927,mmol/L
L_HDL_FC,0.4036,mmol/L
L_HDL_TG,0.7874,mmol/L
L_HDL_PL_pct,12.01,%
L_HDL_C_pct,37.17,%
L_HDL_CE_pct,26.61,%
L_HDL_FC_pct,33.31,%
L_HDL_TG_pct,12.91,%
M_HDL_P,0.8638,nmol/L
M_HDL_L,0.2339,mmol/L
M_HDL_PL,0.5459,mmol/L
M_HDL_C,0.3784,mmol/L
M_HDL_CE,0.0172,mmol/L
M_HDL_FC,0.5026,mmol/L
M_HDL_TG,0.1274,mmol/L
M_HDL_PL_pct,8.12,%
M_HDL_C_pct,6.85,%
M_HDL_CE_pct,13.86,%
M_HDL_FC_pct,10.27,%
M_HDL_TG_pct,39.93,%
S_HDL_P,0.4579,nmol/L
S_HDL_L,0.8851,mmol/L
S_HDL_PL,0.8408,mmol/L
S_HDL_C,0.8951,mmol/L
S_HDL_CE,0.2100,mmol/L
S_HDL_FC,0.4008,mmol/L
S_HDL_TG,0.2265,mmol/L
S_HDL_PL_pct,37.52,%
S_HDL_C_pct,39.33,%
S_HDL_CE_pct,49.01,%
S_HDL_FC_pct,44.02,%
S_HDL_TG_pct,19.11,%
Total_FA,169.236,mmol/L
Omega_6,210.500,mmol/L
LA,1.980,mmol/L
PUFA,14.248,mmol/L
MUFA,163.520,mmol/L
SFA,44.514,mmol/L
Ala,289.522,umol/L
Gln,96.384,umol/L
Gly,39.954,umol/L
His,72.745,umol/L
Tyr,92.649,umol/L
Acetate,86.981,umol/L
Acetoacetate,208.319,umol/L
Pyruvate,185.788,mmol/L
Glycerol,123.925,umol/L
VLDL_size,256.721,nm
HDL_size,85.019,nm
Total_TG,362.630,mmol/L
Total_PL,385.249,mmol/L
