timestamp,user_id,action,ai_decision,confidence,risk_level,reason,outcome
2026-09-28T09:00:00+07:00,MD-demo-01,order-select HN-0001: carbamazepine 200 mg,hard_stop: STOP — carbamazepine,high,critical,"evidence: CPIC-HLAB1502 (CPIC guideline for HLA genotype and carbamazepine/oxcarbazepine (Phillips EJ et al., 2017), Tables 2–3)",simulated: order blocked; prescriber chose alternative drug
2026-09-28T09:04:00+07:00,MD-demo-01,order-select HN-0002: simvastatin 40 mg,flag_for_review: Simvastatin 40 mg — SLCO1B1 decreased function,high,high,"evidence: CPIC-SLCO1B1-2022 (CPIC guideline for SLCO1B1, ABCG2, CYP2C9 and statins (2022))",simulated: accepted by pharmacist
2026-09-28T09:08:00+07:00,MD-demo-01,order-select HN-0002: amlodipine 5 mg,no_alert: no new PGx or interaction finding,high,low,rule engine: order causes no new finding (alert-fatigue rule),simulated: order signed
2026-09-28T09:12:00+07:00,MD-demo-01,order-select HN-0003: clopidogrel 75 mg,flag_for_review: Clopidogrel — CYP2C19 poor metabolizer,high,high,"evidence: CPIC-CYP2C19-CLOP-2022 (CPIC guideline for CYP2C19 and clopidogrel (Lee CR et al., Clin Pharmacol Ther 2022), Tables 2–3)",simulated: accepted by pharmacist
2026-09-28T09:16:00+07:00,MD-demo-01,order-select HN-0003: clopidogrel 75 mg,flag_for_review: Clopidogrel + omeprazole,high,high,evidence: LABEL-CLOP-PPI (Plavix (clopidogrel) US prescribing information),simulated: overridden with reason - sent to pharmacist queue
2026-09-28T09:20:00+07:00,MD-demo-01,order-select HN-0004: allopurinol 100 mg,flag_for_review: Allopurinol — ยังไม่มีผล HLA-B*58:01,high,high,"evidence: ACR-2020-HLAB5801 (2020 ACR Guideline for the Management of Gout (FitzGerald JD et al., Arthritis Care Res 2020;72:744), Table 4); CPIC-HLAB5801 (CPIC guideline for HLA-B and allopurinol (Hershfield MS et al. 2013; confirmed current in 2015 update))",simulated: accepted by pharmacist
2026-09-28T09:24:00+07:00,RPh-demo-01,assess case 1 visit 1,flag_for_review: Simvastatin 40 mg — SLCO1B1 decreased function,high,high,"evidence: CPIC-SLCO1B1-2022 (CPIC guideline for SLCO1B1, ABCG2, CYP2C9 and statins (2022))",simulated: accepted by pharmacist
2026-09-28T09:28:00+07:00,RPh-demo-01,assess case 1 visit 1,flag_for_review: Omeprazole — CYP2C19 ultrarapid metabolizer,high,high,"evidence: CPIC-CYP2C19-PPI-2020 (CPIC guideline for CYP2C19 and PPIs (Lima JJ et al., Clin Pharmacol Ther 2021;109:1417), Table 2)",simulated: overridden with reason - sent to pharmacist queue
2026-09-28T09:32:00+07:00,RPh-demo-01,assess case 1 visit 1,inform: Thai CV Risk Score = 6.5% (low),high,low,"evidence: TCVRS-2021 (Ramathibodi Thai CV risk calculator (formular.js, 2021))",simulated: acknowledged
2026-09-28T09:36:00+07:00,RPh-demo-01,assess case 1 visit 1,inform: Thai Diabetes Risk Score = 13/17 คะแนน (โอกาส > 20%) (very_high),high,low,evidence: TDRS-2006 (Aekplakorn W et al. Diabetes Care 2006;29:1872),simulated: acknowledged
2026-09-28T09:40:00+07:00,RPh-demo-01,assess case 1 visit 2,flag_for_review: Simvastatin 40 mg — SLCO1B1 decreased function,high,high,"evidence: CPIC-SLCO1B1-2022 (CPIC guideline for SLCO1B1, ABCG2, CYP2C9 and statins (2022))",simulated: accepted by pharmacist
2026-09-28T09:44:00+07:00,RPh-demo-01,assess case 1 visit 2,flag_for_review: Omeprazole — CYP2C19 ultrarapid metabolizer,high,high,"evidence: CPIC-CYP2C19-PPI-2020 (CPIC guideline for CYP2C19 and PPIs (Lima JJ et al., Clin Pharmacol Ther 2021;109:1417), Table 2)",simulated: overridden with reason - sent to pharmacist queue
2026-09-28T09:48:00+07:00,RPh-demo-01,assess case 1 visit 2,inform: Simvastatin — LDL-C ลดตามที่คาด,high,low,"evidence: RCPT-2024-STATIN (RCPT Clinical Practice Guideline on dyslipidemia 2024, Table A1.1)",simulated: acknowledged
2026-09-28T09:52:00+07:00,RPh-demo-01,assess case 1 visit 2,inform: Thai CV Risk Score = 5.6% (low),high,low,"evidence: TCVRS-2021 (Ramathibodi Thai CV risk calculator (formular.js, 2021))",simulated: acknowledged
2026-09-28T09:56:00+07:00,RPh-demo-01,assess case 1 visit 2,inform: Thai Diabetes Risk Score = 13/17 คะแนน (โอกาส > 20%) (very_high),high,low,evidence: TDRS-2006 (Aekplakorn W et al. Diabetes Care 2006;29:1872),simulated: acknowledged
2026-09-28T10:00:00+07:00,RPh-demo-01,assess case 2 visit 1,flag_for_review: Metformin — กินยาไม่สม่ำเสมอ,high,high,evidence: PQA-PDC80 (Pharmacy Quality Alliance adherence measures),simulated: accepted by pharmacist
2026-09-28T10:04:00+07:00,RPh-demo-01,assess case 2 visit 1,flag_for_review: Atorvastatin — กินยาไม่สม่ำเสมอ,high,high,evidence: PQA-PDC80 (Pharmacy Quality Alliance adherence measures),simulated: overridden with reason - sent to pharmacist queue
2026-09-28T10:08:00+07:00,RPh-demo-01,assess case 2 visit 1,inform: Thai CV Risk Score = > 30% (very_high),high,low,"evidence: TCVRS-2021 (Ramathibodi Thai CV risk calculator (formular.js, 2021))",simulated: acknowledged
2026-09-28T10:12:00+07:00,RPh-demo-01,assess case 2 visit 1,inform: Thai Diabetes Risk Score = เป็นเบาหวานแล้ว — ไม่ใช้คะแนนคัดกรอง (not_assessable),high,low,evidence: TDRS-2006 (Aekplakorn W et al. Diabetes Care 2006;29:1872),simulated: acknowledged
2026-09-28T10:16:00+07:00,RPh-demo-01,assess case 2 visit 2,flag_for_review: Atorvastatin — ทบทวนการใช้ยาก่อน,high,high,"evidence: PQA-PDC80 (Pharmacy Quality Alliance adherence measures); RCPT-2024-FOLLOWUP (RCPT dyslipidemia guideline 2024); RCPT-2024-STATIN (RCPT Clinical Practice Guideline on dyslipidemia 2024, Table A1.1)",simulated: accepted by pharmacist
2026-09-28T10:20:00+07:00,RPh-demo-01,assess case 2 visit 2,flag_for_review: LDL-C ยังไม่ถึงเป้าหมาย,high,high,"evidence: RCPT-2024-LDL-TARGET (RCPT dyslipidemia guideline 2024); TCVRS-2021 (Ramathibodi Thai CV risk calculator (formular.js, 2021))",simulated: overridden with reason - sent to pharmacist queue
2026-09-28T10:24:00+07:00,RPh-demo-01,assess case 2 visit 2,flag_for_review: Metformin — กินยาไม่สม่ำเสมอ,high,high,evidence: PQA-PDC80 (Pharmacy Quality Alliance adherence measures),simulated: modified dose after pharmacist review
2026-09-28T10:28:00+07:00,RPh-demo-01,assess case 2 visit 2,inform: Thai CV Risk Score = > 30% (very_high),high,low,"evidence: TCVRS-2021 (Ramathibodi Thai CV risk calculator (formular.js, 2021))",simulated: acknowledged
2026-09-28T10:32:00+07:00,RPh-demo-01,assess case 2 visit 2,inform: Thai Diabetes Risk Score = เป็นเบาหวานแล้ว — ไม่ใช้คะแนนคัดกรอง (not_assessable),high,low,evidence: TDRS-2006 (Aekplakorn W et al. Diabetes Care 2006;29:1872),simulated: acknowledged
2026-09-28T10:36:00+07:00,RPh-demo-01,assess case 3 visit 1,hard_stop: STOP — carbamazepine,high,critical,"evidence: CPIC-HLAB1502 (CPIC guideline for HLA genotype and carbamazepine/oxcarbazepine (Phillips EJ et al., 2017), Tables 2–3)",simulated: order blocked; prescriber chose alternative drug
2026-09-28T10:40:00+07:00,RPh-demo-01,assess case 3 visit 1,inform: Thai CV Risk Score = 1.4% (low),high,low,"evidence: TCVRS-2021 (Ramathibodi Thai CV risk calculator (formular.js, 2021))",simulated: acknowledged
2026-09-28T10:44:00+07:00,RPh-demo-01,assess case 3 visit 1,inform: Thai Diabetes Risk Score = 2/17 คะแนน (โอกาส < 5%) (low),high,low,evidence: TDRS-2006 (Aekplakorn W et al. Diabetes Care 2006;29:1872),simulated: acknowledged
2026-09-28T10:48:00+07:00,RPh-onc-demo-01,oncology report o1,flag_for_review: พบ EGFR T790M ระหว่างใช้ EGFR TKI,high,high,"evidence: LABEL-OSIMERTINIB-T790M (TAGRISSO (osimertinib) US prescribing information §1.5, §2.2 (DailyMed, rev. 09/2026))",simulated: accepted by pharmacist
2026-09-28T10:52:00+07:00,RPh-onc-demo-01,oncology report o1,flag_for_review: Erlotinib + omeprazole,high,high,"evidence: LABEL-ERLOTINIB-PPI (TARCEVA (erlotinib) US prescribing information §2.4, §7, §12.3)",simulated: overridden with reason - sent to pharmacist queue
2026-09-28T10:56:00+07:00,RPh-onc-demo-01,oncology report o1,flag_for_review: BRCA2 c.5946delT (S1982fs) — อาจเป็นยีนที่ถ่ายทอดทางพันธุกรรม,high,high,evidence: MANDELKER-2019-GERMLINE (Mandelker D et al. Ann Oncol 2019 (ESMO Precision Medicine Working Group)); LABEL-CTDNA-GERMLINE (Guardant360 CDx FDA labeling (P200010/S008)),simulated: modified dose after pharmacist review
2026-09-28T11:00:00+07:00,RPh-onc-demo-01,oncology report o1,monitor: DNMT3A R882H — อาจมาจากเม็ดเลือด (CHIP),medium,medium,evidence: RAZAVI-2019-CHIP (Razavi P et al. Nat Med 2019),simulated: acknowledged
2026-09-28T11:04:00+07:00,RPh-onc-demo-01,oncology report o2,flag_for_review: fluorouracil — DPYD activity score 1.5,high,high,"evidence: CPIC-DPYD-2017 (CPIC guideline for fluoropyrimidines and DPYD (Amstutz et al. 2018), Table 2)",simulated: accepted by pharmacist
2026-09-28T11:08:00+07:00,RPh-onc-demo-01,oncology report o2,flag_for_review: Irinotecan — UGT1A1 *28/*28,high,high,"evidence: LABEL-IRINOTECAN-UGT1A1 (CAMPTOSAR (irinotecan) US prescribing information (DailyMed, 05/2026))",simulated: overridden with reason - sent to pharmacist queue
2026-09-28T11:12:00+07:00,RPh-onc-demo-01,oncology report o2,monitor: TP53 R175H — อาจมาจากเม็ดเลือด (CHIP),medium,medium,evidence: RAZAVI-2019-CHIP (Razavi P et al. Nat Med 2019),simulated: acknowledged
2026-09-28T11:16:00+07:00,RPh-onc-demo-01,oncology report o3,flag_for_review: ctDNA ไม่พบ variant — ยังตัดออกไม่ได้,high,high,evidence: LABEL-CTDNA-NEGATIVE (Guardant360 CDx FDA labeling (P200010/S008)),simulated: accepted by pharmacist
